{
  "project_info": {
    "project_number": "883841493928",
    "project_id": "blood-request-donate",
    "storage_bucket": "blood-request-donate.appspot.com"
  },
  "client": [
    {
      "client_info": {
        "mobilesdk_app_id": "1:883841493928:android:7e2af59114f1356c50cb9d",
        "android_client_info": {
          "package_name": "com.example.brd"
        }
      },
      "oauth_client": [
        {
          "client_id": "883841493928-6c2f70v5vl5fp3k3uklr4r28i6n8td87.apps.googleusercontent.com",
          "client_type": 3
        }
      ],
      "api_key": [
        {
          "current_key": "AIzaSyCdnMX_aRshtecl9Z7QbAe001UZSqV48VI"
        }
      ],
      "services": {
        "appinvite_service": {
          "other_platform_oauth_client": [
            {
              "client_id": "883841493928-6c2f70v5vl5fp3k3uklr4r28i6n8td87.apps.googleusercontent.com",
              "client_type": 3
            }
          ]
        }
      }
    }
  ],
  "configuration_version": "1"
}